Name,Age,City
John Doe,25,New York
Jane Doe,30,Los Angeles
Bob Smith,35,Chicago
Alice Johnson,20,Houston
Mike Brown,40,San Francisco
John Doe,25,New York
Jane Doe,30,Los Angeles
Bob Smith,35,Chicago
Alice Johnson,20,Houston
Mike Brown,40,San Francisco
John Doe,25,New York
Jane Doe,30,Los Angeles
Bob Smith,35,Chicago
Alice Johnson,20,Houston
Mike Brown,40,San Francisco
John Doe,25,New York
Jane Doe,30,Los Angeles
Bob Smith,35,Chicago
Alice Johnson,20,Houston
Mike Brown,40,San Francisco
John Doe,25,New York
Jane Doe,30,Los Angeles
Bob Smith,35,Chicago
Alice Johnson,20,Houston
Mike Brown,40,San Francisco

